,No,Yes
No,0.4660714285714286,0.14464285714285713
Yes,0.225,0.16428571428571428
acc,0.6910714285714286,
