,Other,Milk
Other,0.6371257485029941,0.0874251497005988
Milk,0.16826347305389222,0.10718562874251496
acc,0.8053892215568863,
