,No,Yes
No,0.435714286,0.189285714
Yes,0.194642857,0.180357143
acc,0.630357143,
