,No,Yes
No,0.426035503,0.136094675
Yes,0.205325444,0.232544379
acc,0.631360947,
