,Other,Milk
Other,0.631736527,0.080838323
Milk,0.189820359,0.09760479
acc,0.821556886,
