,Milk,Tree_nut,Peanut,Sesame
Milk,0.188125,0.044375,0.06,0.01375
Tree_nut,0.054375,0.136875,0.04,0.01875
Peanut,0.0725,0.045625,0.136875,0.02
Sesame,0.031875,0.028125,0.040625,0.068125
acc,0.53,,,
