,No,Yes
No,0.2982142857142857,0.30892857142857144
Yes,0.08392857142857144,0.30892857142857144
acc,0.6071428571428572,
